citekey,dataset,year,version,identity_count,identity_scope,real_count,attack_count,total_count,unit,modalities,split_protocol,count_basis,derivation,source_url,source_location,verified_on,full_collection_including_enrollment,enrollment_count,class_sum,count_consistency,presentation_total,streams_per_presentation,dataset_introduction_year,channels_per_presentation,additional_release_real_videos,test_list_count,raw_manipulations,standard_benchmark_total,hidden_set_count,face_image_count,deepfake_source_video_count,broader_acquisition_actor_count,broader_raw_source_video_count
P04,OULU-NPU,2017,original paper; PAD access subset,55,55 enrolled persons,990,3960,4950,video,RGB,"55 identities: train20/dev15/test20; four protocols vary environment, PAI, camera, and their combination",Access videos only; an additional990 bona fide enrollment videos make the full original collection5940 (1980 bona fide+3960 attack). Do not combine the access count with enrollment.,55 subjects x3 sessions x6 phones=990 bona fide access videos;3960 attack videos explicit,https://yty.kapsi.fi/papers/FG2017_OULU-NPU.pdf,PDF pp.2-3 TableI and SectionIII.A; p.5 TableII,2026-10-04,5940,990,,,,,,,,,,,,,,,
P05,SiW,2018,original CVPR2018 paper,165,165 recorded subjects,1320,3300,4620,video,RGB,"90 train/75 test subjects; protocol1 pose/expression, protocol2 display-medium holdout, protocol3 print/replay transfer",Original paper reports8 live and20 spoof videos per subject; later public-release totals are not substituted.,165x8=1320;165x20=3300,https://openaccess.thecvf.com/content_cvpr_2018/papers/Liu_Learning_Deep_Models_CVPR_2018_paper.pdf,PDF p.6 Section4/Table1 and p.7 Table5,2026-10-04,,,,,,,,,,,,,,,,,
P08,SiW-M,2019,original CVPR2019 paper,493,493 bona fide subjects; not a verified count of all attack contributors,660,968,1630,video,RGB,Leave-one-attack-type-out: train12 of13 types and80%live; test unseen type and20%live; live identities disjoint,"The primary paper reports1630 total (Table1), but explicitly660 bona fide+968 attacks=1628 (Figure4 and text). Preserve this discrepancy; total is paper-reported, not reconciled.",13 attack-type counts sum968,https://openaccess.thecvf.com/content_CVPR_2019/papers/Liu_Deep_Tree_Learning_for_Zero-Shot_Face_Anti-Spoofing_CVPR_2019_paper.pdf,PDF p.3 Table1; p.5 attack total; p.6 Figure4 and text,2026-10-04,,,1628,primary-source discrepancy (2 videos),,,,,,,,,,,,,
P43,CASIA-SURF,2019,original CVPR2019 paper,1000,1000 recorded subjects,3000,18000,21000,video_stream,RGB;depth;IR,300 train/100 validation/600 test subjects; subject-disjoint; synchronized three-channel capture,Counts are modality-specific streams:3 streams per synchronized presentation.7000 presentations=1000 bona fide+6000 attacks;21000 streams=3000+18000. Do not interpret21000 as independent presentations.,1000 subjects x(1 bona fide+6 attacks)x3 modalities,https://openaccess.thecvf.com/content_CVPR_2019/papers/Zhang_A_Dataset_and_Benchmark_for_Large-Scale_Multi-Modal_Face_Anti-Spoofing_CVPR_2019_paper.pdf,PDF pp.3-4 Section3.3/Table2,2026-10-04,,,,,7000,3,,,,,,,,,,,
P15,WMCA,2020,original TIFS paper (online2019; issue2020),72,72 recorded identities,347,1332,1679,multichannel_video,RGB;depth;NIR;thermal,Subject/PAI-instrument-disjoint grandtest; seven leave-one-attack-type-out protocols,"Counts are synchronized presentation recordings, each with four channels. Current author website1941 adds attack categories; it is not the original paper1679.",Explicit count; TableIII category counts sum1679,https://arxiv.org/pdf/1909.08848,Author manuscript PDF p.7 SectionIV; pp.8-9 SectionIV.D/TableIII,2026-10-04,,,,,,,2019,4,,,,,,,,,
P19,CASIA-SURF CeFA,2021,original WACV2021 paper,1607,1500 2D-subset subjects plus107 3D-attack contributors,4500,19038,23538,video_stream,RGB;depth;IR,"Five protocols: cross-ethnicity, cross-PAI, cross-modality, cross-ethnicity&PAI, and ethnicity bias;200/100/200 subjects per ethnicity;3D attacks in test",Modality-specific streams:3 streams per presentation.2D subset18000 streams;3D subset5538 attacks. Presentation equivalents1500 bona fide+6346 attacks=7846.,2D:1500x1x3=4500 real;1500x3x3=13500 attacks;3D:5346+192=5538;attack total19038,https://openaccess.thecvf.com/content/WACV2021/papers/Liu_CASIA-SURF_CeFA_A_Benchmark_for_Multi-Modal_Cross-Ethnicity_Face_Anti-Spoofing_WACV_2021_paper.pdf,PDF p.3 Tables2/3; p.4 Table4,2026-10-04,,,,,7846,3,,,,,,,,,,,
P16,CelebA-Spoof,2020,original ECCV2020 paper,10177,10177 celebrity subjects,,,625537,image,RGB,Subject-disjoint train/validation/test approximately8:1:1;43 attributes,Exact real/attack image counts are not explicit in the verified original paper. Rounded Figure4 shares (24%/76%) must not be converted to exact integer counts.,,https://arxiv.org/pdf/2007.12342,Author manuscript PDF pp.1/3 dataset scale; p.7 Section3.3/Figure4,2026-10-04,,,,,,,,,,,,,,,,,
D01,FaceForensics++,2019,original ICCV2019 paper,,Unique person identity count not explicitly established,1000,4000,5000,video,RGB,720/140/140 pristine source-video train/validation/test; corresponding manipulations stay within the source split; compression variants c0/c23/c40,1000 pristine source videos and four manipulation methods. Compressed variants do not create additional independent source videos.,1000 x4 methods=4000 manipulated videos,https://openaccess.thecvf.com/content_ICCV_2019/papers/Rossler_FaceForensics_Learning_to_Detect_Manipulated_Facial_Images_ICCV_2019_paper.pdf,PDF p.4 Section3; p.5 Section4,2026-10-04,,,,,,,,,,,,,,,,,
D02,Celeb-DF (v2),2020,CVPR2020 paper v2 celebrity subset,59,59 celebrity source identities,590,5639,6229,video,RGB,Authors release a518-video test list; include source/identity separation in any new protocol,Original paper celebrity subset:590 real+5639 fake. Author repository additionally distributes300 YouTube-real videos; these are outside this paper-subset count.,590+5639=6229,https://openaccess.thecvf.com/content_CVPR_2020/papers/Li_Celeb-DF_A_Large-Scale_Challenging_Dataset_for_DeepFake_Forensics_CVPR_2020_paper.pdf,CVPR PDF p.4 Section3.1/Table1; author release README dataset structure,2026-10-04,,,,,,,,,300,518,,,,,,,
D03,DeeperForensics-1.0,2020,original CVPR2020 full corpus,100,100 consented captured source actors; not the union of all reference-video identities,50000,10000,60000,video,RGB,Standard benchmark1000 raw swaps+1000 FF++ reference videos;7:1:2 identity-disjoint split;400-video hidden set,10000 manipulated entries include perturbation variants of1000 raw swaps. Full60000-video corpus differs from the2000-video standard benchmark.,50000 real+10000 manipulation/perturbation variants,https://openaccess.thecvf.com/content_CVPR_2020/papers/Jiang_DeeperForensics-1.0_A_Large-Scale_Dataset_for_Real-World_Face_Forgery_Detection_CVPR_2020_paper.pdf,PDF p.2 Table1; p.6 Sections3.3/3.4/4; p.7 hidden set,2026-10-04,,,,,,,,,,,1000,2000,400,,,,
D04,WildDeepfake,2020,original ACM MM2020 paper,,Unique identities not reported,,,7314,face_sequence,RGB,"6508 training/806 test sequences; similarity-based split, not verified identity-disjoint","7314 extracted face sequences contain1180099 face images;707 internet deepfake source videos. Exact class counts are not explicit in verified primary material. Sequence, frame, and whole-video counts are different units.",6508+806=7314,https://arxiv.org/pdf/2101.01456,Author manuscript PDF p.5 data processing/annotation; author repository overview,2026-10-04,,,,,,,,,,,,,,1180099,707,,
D05,DFDC,2020,original author report arXiv v4 (2020-10-28),960,960 benchmark identities (Table1);3426 refers to the broader raw acquisition pool,23654,104500,128154,video,RGB;audio,Public4000-video and private10000-video competition tests; full benchmark Table1 scope,128154 total and104500 fake videos are explicit in Table1; real23654 is their arithmetic difference.48190 raw source recordings from3426 actors are a separate collection scope. Audio present and audio manipulations discussed; not all benchmark examples imply speech.,128154-104500=23654,https://arxiv.org/pdf/2006.07397,PDF p.3 Table1; p.4 Sections3.1/3.2 and test-set description,2026-10-04,,,,,,,,,,,,,,,,3426,48190
